finish,brass,machinery
safe,bite,down
bag,thought,fur
wife,common,leader
then,remain,gulf
cause,muscle,volume
try,thread,author
chose,all,applied
some,scene,worse
wood,still,service
hunt,handsome,alive
said,pattern,city
plant,compare,cloud
she,lose,deep
machinery,seed,bit
fairly,bad,money
slave,second,potatoes
sunlight,want,that
got,gasoline,thin
sail,buried,equally
studied,base,somebody
supply,large,hit
strange,blow,join
industry,box,shot
usually,largest,production
eager,union,type
pass,joined,store
off,unknown,account
cowboy,mice,peace
result,tea,certainly
came,upper,baby
exclaimed,string,slabs
pleasure,carry,tight
length,across,metal
newspaper,twenty,simplest
land,information,giant
string,strike,equator
soil,political,children
military,nearly,exercise
fewer,leaving,purpose
supper,cast,test
bound,onlinetools,image
court,terrible,about
origin,slight,than
eager,idea,automobile
feel,push,while
tribe,meet,shaking
planned,bar,flies
equipment,understanding,cup
appropriate,needed,peace
be,make,his
tonight,somebody,paragraph
indicate,cover,mathematics
train,someone,thumb
loud,extra,clean
card,actual,someone
world,rose,weight
team,basis,front
should,arrangement,community
putting,add,relationship
lift,duck,fifty
wrapped,test,wolf
blow,surrounded,out
badly,bar,crack
along,captured,atmosphere
additional,stage,shoe
worry,nuts,else
steam,suit,held
fact,powder,valley
pattern,carefully,flight
track,being,process
this,species,function
neighborhood,is,television
happened,easier,square
physical,fourth,spend
sense,naturally,leaf
gradually,memory,cattle
battle,rose,silly
blow,mother,putting
hair,require,train
rocket,west,park
importance,guess,whistle
shake,held,check
pound,helpful,stage
nothing,feed,apartment
serve,victory,fact
taste,sometime,spring
section,fast,pool
complex,element,directly
college,act,object
fought,getting,silence
from,furniture,buried
nearest,selection,pleasure
larger,solid,any
mean,child,ahead
shells,ordinary,mouse
yellow,method,minute
camera,chest,strike
fastened,oxygen,goose
bar,member,five
equator,bank,future